"","seq_number","sum.taxonomy"
"1","merged_CO1_1","Eukaryota;Chlorophyta;Mamiellophyceae;Mamiellales;Mamiellaceae;Micromonas;"
"2","merged_CO1_2","Eukaryota;Chlorophyta;Mamiellophyceae;Mamiellales;Bathycoccaceae;Ostreococcus;Ostreococcus tauri"
"3","merged_CO1_4","Eukaryota;Chlorophyta;Mamiellophyceae;Mamiellales;Mamiellaceae;Micromonas;Micromonas pusilla"
"4","merged_CO1_5",""
"5","merged_CO1_7","Bacteria;Proteobacteria;Alphaproteobacteria;Pelagibacterales;Pelagibacteraceae;NA;alpha proteobacterium HIMB5"
"6","merged_CO1_10",""
"7","merged_CO1_11","Eukaryota;Arthropoda;Insecta;Diptera;Asilidae;Neoitamus;Neoitamus sp. USNM ENT 00914278"
"8","merged_CO1_14",""
"9","merged_CO1_17",""
"10","merged_CO1_19",""
"11","merged_CO1_20",""
"12","merged_CO1_21",""
"13","merged_CO1_23",""
"14","merged_CO1_27","Eukaryota;;Phaeophyceae;Ectocarpales;Ectocarpaceae;Ectocarpus;Ectocarpus sp. 5 AP-2014"
"15","merged_CO1_28",""
"16","merged_CO1_30",""
"17","merged_CO1_31",""
"18","merged_CO1_34","Eukaryota;NA;Oomycetes;Peronosporales;Peronosporaceae;Phytophthora;Phytophthora castaneae"
"19","merged_CO1_35",""
"20","merged_CO1_36","Eukaryota;Chlorophyta;Chloropicophyceae;Chloropicales;Chloropicaceae;Chloropicon;Chloropicon primus"
"21","merged_CO1_40",""
"22","merged_CO1_45",""
"23","merged_CO1_46",""
"24","merged_CO1_47","Eukaryota;NA;Haptophyceae;Isochrysidales;Noelaerhabdaceae;Emiliania;Emiliania huxleyi"
"25","merged_CO1_48",""
"26","merged_CO1_51",""
"27","merged_CO1_53",""
"28","merged_CO1_54",""
"29","merged_CO1_57","Eukaryota;;;;;;"
"30","merged_CO1_59","Eukaryota;Bacillariophyta;Coscinodiscophyceae;Thalassiosirales;Skeletonemataceae;Skeletonema;Skeletonema grevillei"
"31","merged_CO1_62",""
"32","merged_CO1_63",""
"33","merged_CO1_68","Eukaryota;Chlorophyta;Mamiellophyceae;Mamiellales;Mamiellaceae;Micromonas;Micromonas pusilla"
"34","merged_CO1_71",""
"35","merged_CO1_93",""
"36","merged_CO1_95","Eukaryota;;Oomycetes;Peronosporales;Peronosporaceae;Peronospora;"
"37","merged_CO1_96",""
"38","merged_CO1_97","Eukaryota;Cnidaria;Hydrozoa;Leptothecata;Campanulariidae;Lovenella;Lovenella assimilis"
"39","merged_CO1_98",""
"40","merged_CO1_102","Eukaryota;NA;Haptophyceae;Isochrysidales;Noelaerhabdaceae;Emiliania;Emiliania huxleyi"
"41","merged_CO1_106",""
"42","merged_CO1_107",""
"43","merged_CO1_108",""
"44","merged_CO1_115",""
"45","merged_CO1_117","Eukaryota;Arthropoda;Hexanauplia;Poecilostomatoida;Sapphirinidae;Copilia;Copilia mirabilis"
"46","merged_CO1_121","Eukaryota;Bacillariophyta;Bacillariophyceae;Bacillariales;Bacillariaceae;Pseudo-nitzschia;Pseudo-nitzschia sabit"
"47","merged_CO1_129",""
"48","merged_CO1_131","Eukaryota;Arthropoda;Hexanauplia;Calanoida;Paracalanidae;Paracalanus;"
"49","merged_CO1_134",""
"50","merged_CO1_150","Eukaryota;;Oomycetes;;;;"
"51","merged_CO1_155","Eukaryota;Arthropoda;Hexanauplia;Cyclopoida;Cyclopidae;Acanthocyclops;Acanthocyclops vernalis"
"52","merged_CO1_163",""
"53","merged_CO1_170",""
"54","merged_CO1_172","Eukaryota;;Oomycetes;;;;"
"55","merged_CO1_183","Eukaryota;;Phaeophyceae;;;;"
"56","merged_CO1_185",""
"57","merged_CO1_196",""
"58","merged_CO1_200",""
"59","merged_CO1_201",""
"60","merged_CO1_203",""
"61","merged_CO1_208",""
"62","merged_CO1_215",""
"63","merged_CO1_231",""
"64","merged_CO1_236",""
"65","merged_CO1_248","Bacteria;Proteobacteria;Alphaproteobacteria;Pelagibacterales;Pelagibacteraceae;Candidatus Pelagibacter;Candidatus Pelagibacter sp. HIMB1321"
"66","merged_CO1_254","Eukaryota;Arthropoda;Hexanauplia;Calanoida;Clausocalanidae;Clausocalanus;Clausocalanus furcatus"
"67","merged_CO1_257","Eukaryota;Chordata;Mammalia;Primates;Hominidae;Homo;Homo sapiens"
"68","merged_CO1_270","Eukaryota;;;Himatismenida;Cochliopodiidae;Cochliopodium;"
"69","merged_CO1_276",""
"70","merged_CO1_301",""
"71","merged_CO1_321",""
"72","merged_CO1_330",""
"73","merged_CO1_335",""
"74","merged_CO1_344","Eukaryota;Bacillariophyta;Coscinodiscophyceae;Thalassiosirales;Stephanodiscaceae;Cyclotella;Cyclotella sp. MBTD-CMFRI-S080"
"75","merged_CO1_345",""
"76","merged_CO1_348","Eukaryota;Cnidaria;Hydrozoa;Leptothecata;Halopterididae;Halopteris;Halopteris diaphana"
"77","merged_CO1_354",""
"78","merged_CO1_358",""
"79","merged_CO1_369",""
"80","merged_CO1_371","Eukaryota;Mollusca;Gastropoda;NA;Acroloxidae;Acroloxus;Acroloxus lacustris"
"81","merged_CO1_376",""
"82","merged_CO1_384","Eukaryota;Rhodophyta;Florideophyceae;Rhodogorgonales;Rhodogorgonaceae;Renouxia;Renouxia sp. GWS-2012"
"83","merged_CO1_390","Bacteria;Proteobacteria;Alphaproteobacteria;Pelagibacterales;Pelagibacteraceae;Candidatus Pelagibacter;Candidatus Pelagibacter sp. RS40"
"84","merged_CO1_391",""
"85","merged_CO1_398",""
"86","merged_CO1_406",""
"87","merged_CO1_413","Bacteria;Proteobacteria;Alphaproteobacteria;Pelagibacterales;Pelagibacteraceae;Candidatus Pelagibacter;Candidatus Pelagibacter sp. RS39"
"88","merged_CO1_415",""
"89","merged_CO1_434",""
"90","merged_CO1_440","Eukaryota;Nemertea;Enopla;Monostilifera;Oerstediidae;Oerstedia;Oerstedia dorsalis"
"91","merged_CO1_444","Eukaryota;Bacillariophyta;Coscinodiscophyceae;Thalassiosirales;Skeletonemataceae;Skeletonema;"
"92","merged_CO1_474",""
"93","merged_CO1_478",""
"94","merged_CO1_480","Eukaryota;;Oomycetes;Peronosporales;Peronosporaceae;Phytophthora;Phytophthora himalsilva"
"95","merged_CO1_483",""
"96","merged_CO1_484",""
"97","merged_CO1_487",""
"98","merged_CO1_490","Eukaryota;Bacillariophyta;Coscinodiscophyceae;;;;"
"99","merged_CO1_497",""
"100","merged_CO1_504",""
"101","merged_CO1_509",""
"102","merged_CO1_524",""
"103","merged_CO1_529",""
"104","merged_CO1_538",""
"105","merged_CO1_549",""
"106","merged_CO1_553",""
"107","merged_CO1_556","Eukaryota;;Oomycetes;Pythiales;Pythiaceae;;"
"108","merged_CO1_572",""
"109","merged_CO1_581",""
"110","merged_CO1_613","Eukaryota;Arthropoda;Hexanauplia;Calanoida;Calocalanidae;Calocalanus;Calocalanus sp. 1 AC-2013"
"111","merged_CO1_614",""
"112","merged_CO1_616",""
"113","merged_CO1_621",""
"114","merged_CO1_630","Eukaryota;Arthropoda;Hexanauplia;Calanoida;Paracalanidae;Delibus;"
"115","merged_CO1_634","Bacteria;Proteobacteria;Alphaproteobacteria;Pelagibacterales;Pelagibacteraceae;Candidatus Pelagibacter;Candidatus Pelagibacter sp. HIMB1321"
"116","merged_CO1_644",""
"117","merged_CO1_668",""
"118","merged_CO1_682","Eukaryota;Bacillariophyta;Bacillariophyceae;Bacillariales;Bacillariaceae;Nitzschia;Nitzschia cf. promare"
"119","merged_CO1_684",""
"120","merged_CO1_688",""
"121","merged_CO1_700",""
"122","merged_CO1_715",""
"123","merged_CO1_716",""
"124","merged_CO1_718",""
"125","merged_CO1_744","Eukaryota;NA;Haptophyceae;Phaeocystales;Phaeocystaceae;Phaeocystis;Phaeocystis pouchetii"
"126","merged_CO1_751","Bacteria;Proteobacteria;Alphaproteobacteria;Pelagibacterales;Pelagibacteraceae;Candidatus Pelagibacter;Candidatus Pelagibacter sp. HIMB1321"
"127","merged_CO1_753","Eukaryota;NA;Synurophyceae;Ochromonadales;Ochromonadaceae;Cornospumella;Cornospumella fuschlensis"
"128","merged_CO1_756","Bacteria;Proteobacteria;Alphaproteobacteria;Pelagibacterales;Pelagibacteraceae;NA;alpha proteobacterium HIMB5"
"129","merged_CO1_769",""
"130","merged_CO1_776","Eukaryota;Cnidaria;Hydrozoa;Leptothecata;Sertulariidae;Xingyurella;Xingyurella xingyuarum"
"131","merged_CO1_793",""
"132","merged_CO1_806","Eukaryota;Arthropoda;Arachnida;Sarcoptiformes;;;"
"133","merged_CO1_821","Eukaryota;Chlorophyta;Nephroselmidophyceae;NA;NA;Nephroselmis;Nephroselmis olivacea"
"134","merged_CO1_877","Eukaryota;Mollusca;Gastropoda;;Cerithiidae;Cerithium;"
"135","merged_CO1_879",""
"136","merged_CO1_913","Eukaryota;NA;Haptophyceae;Prymnesiales;Chrysochromulinaceae;Chrysochromulina;Chrysochromulina sp. NIES-1333"
"137","merged_CO1_971",""
"138","merged_CO1_1012","Eukaryota;Annelida;Polychaeta;;;;"
"139","merged_CO1_1034","Eukaryota;Bacillariophyta;Bacillariophyceae;Bacillariales;Bacillariaceae;Nitzschia;Nitzschia frustulum"
"140","merged_CO1_1065",""
"141","merged_CO1_1080",""
"142","merged_CO1_1082",""
"143","merged_CO1_1172","Eukaryota;Chlorophyta;Mamiellophyceae;Mamiellales;Mamiellaceae;Micromonas;Micromonas pusilla"
"144","merged_CO1_1189","Eukaryota;;;;;;"
"145","merged_CO1_1198","Eukaryota;;Oomycetes;Pythiales;Pythiaceae;Pythium;"
"146","merged_CO1_1210","Eukaryota;Arthropoda;Insecta;;;;"
"147","merged_CO1_1226","Eukaryota;Bacillariophyta;Bacillariophyceae;Bacillariales;Bacillariaceae;Cylindrotheca;Cylindrotheca closterium"
"148","merged_CO1_1263",""
"149","merged_CO1_1318",""
"150","merged_CO1_1337",""
"151","merged_CO1_1351",""
"152","merged_CO1_1370","Eukaryota;Arthropoda;Hexanauplia;Poecilostomatoida;Corycaeidae;Corycaeus;NA"
"153","merged_CO1_1406","Eukaryota;Cnidaria;Hydrozoa;Leptothecata;;;"
"154","merged_CO1_1424","Eukaryota;Chlorophyta;Mamiellophyceae;Mamiellales;Mamiellaceae;Micromonas;Micromonas pusilla"
"155","merged_CO1_1445",""
"156","merged_CO1_1460",""
"157","merged_CO1_1490",""
"158","merged_CO1_1493","Eukaryota;Chlorophyta;Mamiellophyceae;Mamiellales;Mamiellaceae;Micromonas;Micromonas pusilla"
"159","merged_CO1_1504",""
"160","merged_CO1_1505",""
"161","merged_CO1_1512","Eukaryota;;;Himatismenida;Cochliopodiidae;Cochliopodium;Cochliopodium gallicum"
"162","merged_CO1_1525",""
"163","merged_CO1_1537",""
"164","merged_CO1_1572",""
"165","merged_CO1_1609","Eukaryota;Ascomycota;Eurotiomycetes;Eurotiales;Aspergillaceae;Aspergillus;"
"166","merged_CO1_1653",""
"167","merged_CO1_1675",""
"168","merged_CO1_1676",""
"169","merged_CO1_1844",""
"170","merged_CO1_1879",""
"171","merged_CO1_1880","Eukaryota;;;;;;"
"172","merged_CO1_1903","Eukaryota;Onychophora;Udeonychophora;Euonychophora;Peripatopsidae;Peripatopsis;Peripatopsis overbergiensis"
"173","merged_CO1_1919","Eukaryota;Ascomycota;Sordariomycetes;Hypocreales;Nectriaceae;Neonectria;Neonectria ditissima"
"174","merged_CO1_1922",""
"175","merged_CO1_1953","Eukaryota;Cnidaria;Hydrozoa;Siphonophorae;Diphyidae;Lensia;Lensia conoidea"
"176","merged_CO1_1963","Eukaryota;Bacillariophyta;Bacillariophyceae;Bacillariales;Bacillariaceae;Pseudo-nitzschia;Pseudo-nitzschia sabit"
"177","merged_CO1_2020","Bacteria;Proteobacteria;Alphaproteobacteria;Pelagibacterales;Pelagibacteraceae;Candidatus Pelagibacter;Candidatus Pelagibacter sp. HIMB1321"
"178","merged_CO1_2046","Eukaryota;;;;;;"
"179","merged_CO1_2146",""
"180","merged_CO1_2167","Eukaryota;Arthropoda;Hexanauplia;Cyclopoida;Oithonidae;Oithona;Oithona attenuata"
"181","merged_CO1_2238","Bacteria;Proteobacteria;Alphaproteobacteria;Pelagibacterales;Pelagibacteraceae;Candidatus Pelagibacter;Candidatus Pelagibacter sp. HIMB1321"
"182","merged_CO1_2282",""
"183","merged_CO1_2308",""
"184","merged_CO1_2388","Bacteria;Proteobacteria;Alphaproteobacteria;Pelagibacterales;Pelagibacteraceae;Candidatus Pelagibacter;Candidatus Pelagibacter sp. HIMB1321"
"185","merged_CO1_2426","Eukaryota;NA;Haptophyceae;Prymnesiales;Chrysochromulinaceae;Chrysochromulina;Chrysochromulina parva"
"186","merged_CO1_2446",""
"187","merged_CO1_2447",""
"188","merged_CO1_2464",""
"189","merged_CO1_2466",""
"190","merged_CO1_2474",""
"191","merged_CO1_2483",""
"192","merged_CO1_2782",""
"193","merged_CO1_2846",""
"194","merged_CO1_2963",""
"195","merged_CO1_3056","Eukaryota;Chaetognatha;Sagittoidea;Aphragmophora;Sagittidae;Aidanosagitta;Aidanosagitta neglecta"
"196","merged_CO1_3074","Eukaryota;;Phaeophyceae;Ectocarpales;Scytosiphonaceae;Hydroclathrus;Hydroclathrus clathratus"
"197","merged_CO1_3114","Eukaryota;;;;;;"
"198","merged_CO1_3132",""
"199","merged_CO1_3264",""
"200","merged_CO1_3322",""
"201","merged_CO1_3470",""
"202","merged_CO1_3593","Eukaryota;NA;Labyrinthulomycetes;NA;Thraustochytriaceae;Botryochytrium;Botryochytrium radiatum"
"203","merged_CO1_3623",""
"204","merged_CO1_3676","Eukaryota;NA;Oomycetes;Saprolegniales;Saprolegniaceae;Achlya;Achlya americana"
"205","merged_CO1_3677","Eukaryota;;Oomycetes;;;;"
"206","merged_CO1_3749",""
"207","merged_CO1_3804","Eukaryota;;;;;;"
"208","merged_CO1_3826",""
"209","merged_CO1_3919","Eukaryota;Annelida;NA;Myzostomida;Myzostomatidae;Myzostoma;Myzostoma cf. kymae MMS-2014"
"210","merged_CO1_3941","Eukaryota;Arthropoda;Hexanauplia;Calanoida;;;"
"211","merged_CO1_4131",""
"212","merged_CO1_4132","Eukaryota;Cnidaria;Hydrozoa;Narcomedusae;Cuninidae;Cunina;Cunina fowleri"
"213","merged_CO1_4213","Eukaryota;;;;;;"
"214","merged_CO1_4268",""
"215","merged_CO1_4540",""
"216","merged_CO1_4560",""
"217","merged_CO1_4581","Eukaryota;;;;;;"
"218","merged_CO1_4584","Eukaryota;Rhodophyta;Florideophyceae;Ceramiales;;;"
"219","merged_CO1_4614",""
"220","merged_CO1_4615",""
"221","merged_CO1_4690","Eukaryota;;;;;;"
"222","merged_CO1_5045","Eukaryota;;;;;;"
"223","merged_CO1_5087","Eukaryota;Rhodophyta;Florideophyceae;Ceramiales;Rhodomelaceae;Melanothamnus;Melanothamnus somalensis"
"224","merged_CO1_5174",""
"225","merged_CO1_5271","Eukaryota;;Oomycetes;Peronosporales;Peronosporaceae;Peronospora;Peronospora conglomerata"
"226","merged_CO1_5371","Eukaryota;Bacillariophyta;Bacillariophyceae;Bacillariales;Bacillariaceae;;"
"227","merged_CO1_5429",""
"228","merged_CO1_5493",""
"229","merged_CO1_5671",""
"230","merged_CO1_5672","Eukaryota;Cnidaria;Hydrozoa;Anthoathecata;Corynidae;Coryne;Coryne tricycla"
"231","merged_CO1_5784",""
"232","merged_CO1_5984",""
"233","merged_CO1_6063",""
"234","merged_CO1_6217","Eukaryota;NA;Phaeophyceae;Fucales;Notheiaceae;Notheia;Notheia anomala"
"235","merged_CO1_6541","Eukaryota;;Dinophyceae;Gymnodiniales;Gymnodiniaceae;;"
"236","merged_CO1_6628","Eukaryota;Porifera;Demospongiae;;;;"
"237","merged_CO1_6704","Eukaryota;Bacillariophyta;Bacillariophyceae;Naviculales;Naviculaceae;Haslea;Haslea crucigera"
"238","merged_CO1_6815",""
"239","merged_CO1_6904",""
"240","merged_CO1_7006",""
"241","merged_CO1_7213","Eukaryota;Cnidaria;Hydrozoa;Leptothecata;Eirenidae;Eutonina;Eutonina indicans"
"242","merged_CO1_7214","Eukaryota;Cnidaria;Hydrozoa;Leptothecata;Campanulariidae;Clytia;"
"243","merged_CO1_7309",""
"244","merged_CO1_7444",""
"245","merged_CO1_7445","Eukaryota;NA;Oomycetes;Pythiales;Pythiaceae;Salispina;Salispina spinosa"
"246","merged_CO1_7446","Eukaryota;;;;;;"
"247","merged_CO1_7571","Eukaryota;Onychophora;Udeonychophora;Euonychophora;Peripatopsidae;Peripatopsis;Peripatopsis capensis"
"248","merged_CO1_7572","Eukaryota;NA;Oomycetes;Pythiales;Pythiaceae;Pythium;Pythium sp. CAL-2011c"
"249","merged_CO1_7786",""
"250","merged_CO1_8051","Eukaryota;Chordata;Appendicularia;Copelata;Oikopleuridae;Oikopleura;Oikopleura longicauda"
"251","merged_CO1_8182",""
"252","merged_CO1_8505",""
"253","merged_CO1_8506",""
"254","merged_CO1_8507",""
"255","merged_CO1_8695","Eukaryota;NA;Haptophyceae;Prymnesiales;Chrysochromulinaceae;Chrysochromulina;Chrysochromulina parva"
"256","merged_CO1_8696",""
"257","merged_CO1_8697","Eukaryota;Cnidaria;Anthozoa;Corallimorpharia;Discosomidae;Rhodactis;"
"258","merged_CO1_8864",""
"259","merged_CO1_8865",""
"260","merged_CO1_9245",""
"261","merged_CO1_9431",""
"262","merged_CO1_9432",""
"263","merged_CO1_9433",""
"264","merged_CO1_9628","Eukaryota;Ascomycota;Eurotiomycetes;Mycocaliciales;Mycocaliciaceae;Mycocalicium;Mycocalicium subtile"
"265","merged_CO1_10349",""
"266","merged_bio_12S_miu_1","Eukaryota;Chordata;Actinopteri;;Siganidae;Siganus;Siganus fuscescens"
"267","merged_bio_12S_miu_5",""
"268","merged_bio_12S_miu_8","Eukaryota;Chordata;Actinopteri;Lutjaniformes;Lutjanidae;Caesio;Caesio caerulaurea"
"269","merged_bio_12S_miu_15","Eukaryota;Chordata;Actinopteri;;Pomacentridae;Pomacentrus;Pomacentrus amboinensis"
"270","merged_bio_12S_miu_19","Eukaryota;Chordata;Actinopteri;Lutjaniformes;Lutjanidae;Pterocaesio;Pterocaesio digramma"
"271","merged_bio_12S_miu_20",""
"272","merged_bio_12S_miu_22",""
"273","merged_bio_12S_miu_28",""
"274","merged_bio_12S_miu_42",""
"275","merged_bio_12S_miu_87","Eukaryota;Chordata;Actinopteri;Carangiformes;Carangidae;Caranx;Caranx melampygus"
"276","merged_bio_12S_miu_94",""
"277","merged_bio_12S_miu_174","Eukaryota;Chordata;Mammalia;Primates;Hominidae;Homo;Homo sapiens"
"278","merged_bio_12S_miu_182","Eukaryota;Chordata;Actinopteri;Scombriformes;Scombridae;Auxis;Auxis rochei"
"279","merged_bio_12S_miu_185",""
"280","merged_bio_12S_miu_267","Eukaryota;Chordata;Mammalia;Artiodactyla;Bovidae;Bos;Bos taurus"
"281","merged_bio_12S_miu_291",""
"282","merged_bio_12S_miu_312",""
"283","merged_bio_12S_miu_394",""
"284","merged_bio_12S_miu_533",""
"285","merged_bio_12S_miu_659",""
"286","merged_bio_12S_miu_705",""
"287","merged_bio_12S_miu_995",""
"288","merged_bio_12S_miu_1024",""
"289","merged_bio_12S_miu_1036",""
"290","merged_bio_12S_miu_1117",""
"291","merged_bio_12S_miu_1148","Eukaryota;Chordata;Actinopteri;Carangiformes;Carangidae;Caranx;Caranx melampygus"
"292","merged_bio_12S_miu_1186","Eukaryota;Chordata;Actinopteri;Scombriformes;Scombridae;Auxis;Auxis rochei"
"293","merged_bio_12S_miu_1233","Eukaryota;Chordata;Actinopteri;Carangiformes;Carangidae;Caranx;Caranx melampygus"
"294","merged_bio_12S_miu_1519",""
"295","merged_bio_12S_miu_1806",""
"296","merged_bio_12S_miu_1831",""
"297","merged_bio_12S_miu_1848",""
"298","merged_bio_12S_miu_1934",""
"299","merged_bio_12S_miu_1974","Eukaryota;Chordata;Mammalia;Primates;Hominidae;Homo;Homo sapiens"
"300","merged_bio_12S_miu_2140",""
"301","merged_bio_12S_miu_2187",""
"302","merged_bio_12S_miu_2206",""
"303","merged_bio_12S_miu_2207",""
"304","merged_bio_12S_miu_2242",""
"305","merged_bio_12S_miu_2243",""
"306","merged_bio_12S_miu_2296",""
"307","merged_bio_12S_miu_2308","Eukaryota;Chordata;Mammalia;Primates;Hominidae;Pan;Pan paniscus"
"308","merged_bio_12S_elas_1","Eukaryota;Chordata;Mammalia;Primates;Hominidae;Homo;Homo sapiens"
"309","merged_bio_12S_elas_3","Eukaryota;Chordata;Actinopteri;NA;Embiotocidae;Amphistichus;Amphistichus argenteus"
"310","merged_bio_12S_elas_5","Eukaryota;Chordata;Actinopteri;Atheriniformes;Atherinopsidae;;"
"311","merged_bio_12S_elas_7",""
"312","merged_bio_12S_elas_8","Eukaryota;Chordata;Actinopteri;Atheriniformes;Atherinopsidae;Leuresthes;Leuresthes tenuis"
"313","merged_bio_12S_elas_9","Eukaryota;Chordata;Actinopteri;Perciformes;Serranidae;Epinephelus;"
"314","merged_bio_12S_elas_10",""
"315","merged_bio_12S_elas_14","Eukaryota;Chordata;Actinopteri;;Embiotocidae;Embiotoca;Embiotoca jacksoni"
"316","merged_bio_12S_elas_16","Eukaryota;Chordata;Actinopteri;Labriformes;Labridae;Oxyjulis;Oxyjulis californica"
"317","merged_bio_12S_elas_17","Eukaryota;Chordata;Actinopteri;Centrarchiformes;Kyphosidae;Girella;Girella simplicidens"
"318","merged_bio_12S_elas_19",""
"319","merged_bio_12S_elas_27",""
"320","merged_bio_12S_elas_28","Eukaryota;Chordata;Actinopteri;Atheriniformes;Atherinopsidae;Leuresthes;Leuresthes tenuis"
"321","merged_bio_12S_elas_29",""
"322","merged_bio_12S_elas_32","Eukaryota;Chordata;Actinopteri;Pleuronectiformes;Paralichthyidae;Citharichthys;Citharichthys stigmaeus"
"323","merged_bio_12S_elas_39","Eukaryota;Chordata;Actinopteri;Perciformes;Cottidae;Scorpaenichthys;Scorpaenichthys marmoratus"
"324","merged_bio_12S_elas_44","Eukaryota;Chordata;Actinopteri;NA;Opistognathidae;Opistognathus;Opistognathus jacksoniensis"
"325","merged_bio_12S_elas_53","Eukaryota;Chordata;Actinopteri;Centrarchiformes;Kyphosidae;Medialuna;Medialuna californiensis"
"326","merged_bio_12S_elas_69",""
"327","merged_bio_12S_elas_77",""
"328","merged_bio_12S_elas_107","Eukaryota;Chordata;Actinopteri;Perciformes;Cottidae;Clinocottus;Clinocottus globiceps"
"329","merged_bio_12S_elas_109","Eukaryota;Chordata;Actinopteri;Scombriformes;Scombridae;Katsuwonus;Katsuwonus pelamis"
"330","merged_bio_12S_elas_112",""
"331","merged_bio_12S_elas_138","Eukaryota;Chordata;Actinopteri;Labriformes;Labridae;Oxyjulis;Oxyjulis californica"
"332","merged_bio_12S_elas_150",""
"333","merged_bio_12S_elas_171","Eukaryota;Chordata;Actinopteri;Beloniformes;Exocoetidae;;"
"334","merged_bio_12S_elas_190",""
"335","merged_bio_12S_elas_191",""
"336","merged_bio_12S_elas_195",""
"337","merged_bio_12S_elas_196","Eukaryota;Chordata;Actinopteri;Centrarchiformes;Kyphosidae;Medialuna;Medialuna californiensis"
"338","merged_bio_12S_elas_202","Eukaryota;Chordata;Actinopteri;NA;Embiotocidae;Amphistichus;Amphistichus argenteus"
"339","merged_bio_12S_elas_204",""
"340","merged_bio_12S_elas_212",""
"341","merged_bio_12S_elas_259","Eukaryota;Chordata;Chondrichthyes;Myliobatiformes;Myliobatidae;Myliobatis;Myliobatis californica"
"342","merged_bio_12S_elas_300",""
"343","merged_bio_12S_elas_303",""
"344","merged_bio_12S_elas_366","Eukaryota;Chordata;Actinopteri;NA;Pomacentridae;Hypsypops;Hypsypops rubicundus"
"345","merged_bio_12S_elas_379",""
"346","merged_bio_12S_elas_397","Eukaryota;Chordata;Actinopteri;Labriformes;Labridae;Semicossyphus;Semicossyphus pulcher"
"347","merged_bio_12S_elas_416",""
"348","merged_bio_12S_elas_430",""
"349","merged_bio_12S_elas_450",""
"350","merged_bio_12S_elas_455",""
"351","merged_bio_12S_elas_475",""
"352","merged_bio_12S_elas_492","Eukaryota;Chordata;Mammalia;Artiodactyla;Suidae;Sus;Sus scrofa"
"353","merged_bio_12S_elas_515","Eukaryota;Chordata;Actinopteri;Atheriniformes;Atherinopsidae;Leuresthes;Leuresthes tenuis"
"354","merged_bio_12S_elas_523","Eukaryota;Chordata;Actinopteri;Clupeiformes;Clupeidae;Sardinops;Sardinops sagax"
"355","merged_bio_12S_elas_633",""
"356","merged_bio_12S_elas_690","Eukaryota;Chordata;Actinopteri;;Pomacentridae;Plectroglyphidodon;Plectroglyphidodon lacrymatus"
"357","merged_bio_12S_elas_742","Eukaryota;Chordata;Actinopteri;Carangiformes;Carangidae;Trachurus;Trachurus symmetricus"
"358","merged_bio_12S_elas_746","Eukaryota;Chordata;Mammalia;Carnivora;Otariidae;Zalophus;Zalophus californianus"
"359","merged_bio_12S_elas_931","Eukaryota;Chordata;Actinopteri;Centrarchiformes;Kyphosidae;Medialuna;Medialuna californiensis"
"360","merged_bio_12S_elas_991",""
"361","merged_bio_12S_elas_1004",""
"362","merged_bio_12S_elas_1112","Eukaryota;Chordata;Actinopteri;Blenniiformes;Tripterygiidae;Enneapterygius;"
"363","merged_bio_12S_elas_1118",""
"364","merged_bio_12S_elas_1175",""
"365","merged_bio_12S_elas_1363",""
"366","merged_bio_12S_elas_1514",""
"367","merged_bio_12S_elas_1564",""
"368","merged_bio_12S_elas_1586",""
"369","merged_bio_12S_elas_1632",""
"370","merged_bio_12S_elas_1684",""
"371","merged_bio_12S_elas_1829",""
"372","merged_bio_12S_elas_1842",""
"373","merged_bio_12S_elas_1900",""
"374","merged_bio_12S_elas_1990",""
"375","merged_bio_12S_elas_2019",""
"376","merged_bio_12S_elas_2121",""
"377","merged_bio_12S_elas_2212",""
"378","merged_bio_12S_elas_2328","Eukaryota;Chordata;Actinopteri;Perciformes;Serranidae;Variola;Variola albimarginata"
"379","merged_bio_12S_elas_2330",""
"380","merged_bio_12S_elas_2355","Eukaryota;Chordata;Actinopteri;Gobiiformes;Gobiidae;Pleurosicya;Pleurosicya labiata"
